method,method_code,scenario,scenario_code,seeds,unique_top1_mean,unique_top1_std,mrr_mean,mrr_std,tie_rate_mean,tie_rate_std
normalized_exact,M0,natural_variation,P0,5,0.590000000000,0.037416573868,0.820000000000,0.017694945920,0.394000000000,0.037815340802
normalized_exact,M0,amount_variation,P1,5,0.572000000000,0.028635642127,0.779454545455,0.022544110419,0.410000000000,0.027386127875
normalized_exact,M0,date_variation,P2,5,0.600000000000,0.035355339059,0.775333333333,0.014666666667,0.360000000000,0.040000000000
normalized_exact,M0,reference_variation,P3,5,0.296000000000,0.011401754251,0.675371428571,0.009880602403,0.656000000000,0.020736441353
normalized_exact,M0,entity_variation,P4,5,0.590000000000,0.037416573868,0.820000000000,0.017694945920,0.394000000000,0.037815340802
normalized_exact,M0,description_variation,P5,5,0.590000000000,0.037416573868,0.820000000000,0.017694945920,0.394000000000,0.037815340802
normalized_exact,M0,missing_information,P6,5,0.300000000000,0.015811388301,0.675733333333,0.014746751055,0.642000000000,0.014832396974
normalized_exact,M0,combined_variation,P7,5,0.416000000000,0.043358966777,0.649536363636,0.036133437401,0.528000000000,0.033466401061
normalized_exact,M0,ALL,ALL,5,0.494250000000,0.016216311233,0.751928625541,0.011736950539,0.472250000000,0.014827128852
tolerant_deterministic,M1,natural_variation,P0,5,0.664000000000,0.005477225575,0.832000000000,0.002738612788,0.336000000000,0.005477225575
tolerant_deterministic,M1,amount_variation,P1,5,0.664000000000,0.005477225575,0.827333333333,0.002160246899,0.334000000000,0.005477225575
tolerant_deterministic,M1,date_variation,P2,5,0.588000000000,0.037682887363,0.786085714286,0.011397733693,0.378000000000,0.038340579025
tolerant_deterministic,M1,reference_variation,P3,5,0.338000000000,0.023874672773,0.669000000000,0.011937336386,0.662000000000,0.023874672773
tolerant_deterministic,M1,entity_variation,P4,5,0.664000000000,0.005477225575,0.832000000000,0.002738612788,0.336000000000,0.005477225575
tolerant_deterministic,M1,description_variation,P5,5,0.664000000000,0.005477225575,0.832000000000,0.002738612788,0.336000000000,0.005477225575
tolerant_deterministic,M1,missing_information,P6,5,0.332000000000,0.004472135955,0.666000000000,0.002236067977,0.668000000000,0.004472135955
tolerant_deterministic,M1,combined_variation,P7,5,0.396000000000,0.057706152185,0.680673060273,0.028388854002,0.560000000000,0.060415229868
tolerant_deterministic,M1,ALL,ALL,5,0.538750000000,0.014031215200,0.765636513487,0.006495641011,0.451250000000,0.011891435994
jaro_winkler_text,M2,natural_variation,P0,5,0.684000000000,0.038470768123,0.836833333333,0.018581651643,0.000000000000,0.000000000000
jaro_winkler_text,M2,amount_variation,P1,5,0.684000000000,0.038470768123,0.836500000000,0.019079511990,0.000000000000,0.000000000000
jaro_winkler_text,M2,date_variation,P2,5,0.456000000000,0.015165750888,0.689938095238,0.004181795663,0.026000000000,0.020736441353
jaro_winkler_text,M2,reference_variation,P3,5,0.690000000000,0.041833001327,0.839833333333,0.020652548941,0.000000000000,0.000000000000
jaro_winkler_text,M2,entity_variation,P4,5,0.684000000000,0.038470768123,0.836833333333,0.018581651643,0.000000000000,0.000000000000
jaro_winkler_text,M2,description_variation,P5,5,0.702000000000,0.046583258795,0.845666666667,0.022626189349,0.000000000000,0.000000000000
jaro_winkler_text,M2,missing_information,P6,5,0.524000000000,0.039749213829,0.755338095238,0.021571404920,0.070000000000,0.018708286934
jaro_winkler_text,M2,combined_variation,P7,5,0.550000000000,0.044158804332,0.745746176046,0.026254647217,0.014000000000,0.008944271910
jaro_winkler_text,M2,ALL,ALL,5,0.621750000000,0.031949667447,0.798336129149,0.017123822780,0.013750000000,0.003952847075
character_trigram_text,M3,natural_variation,P0,5,0.818000000000,0.021679483389,0.898333333333,0.009912814378,0.000000000000,0.000000000000
character_trigram_text,M3,amount_variation,P1,5,0.818000000000,0.021679483389,0.898333333333,0.009912814378,0.000000000000,0.000000000000
character_trigram_text,M3,date_variation,P2,5,0.660000000000,0.040000000000,0.805866666667,0.014707046686,0.022000000000,0.017888543820
character_trigram_text,M3,reference_variation,P3,5,0.802000000000,0.021679483389,0.889666666667,0.009585144756,0.000000000000,0.000000000000
character_trigram_text,M3,entity_variation,P4,5,0.818000000000,0.021679483389,0.898000000000,0.009764590223,0.000000000000,0.000000000000
character_trigram_text,M3,description_variation,P5,5,0.826000000000,0.008944271910,0.901166666667,0.006362869723,0.000000000000,0.000000000000
character_trigram_text,M3,missing_information,P6,5,0.628000000000,0.037013511047,0.805933333333,0.014268068467,0.062000000000,0.013038404810
character_trigram_text,M3,combined_variation,P7,5,0.702000000000,0.046583258795,0.829011111111,0.021846702155,0.012000000000,0.013038404810
character_trigram_text,M3,ALL,ALL,5,0.759000000000,0.021944532349,0.865788888889,0.008711827836,0.012000000000,0.004643543905
field_aware,M4,natural_variation,P0,5,0.844000000000,0.013416407865,0.910666666667,0.009778803608,0.000000000000,0.000000000000
field_aware,M4,amount_variation,P1,5,0.844000000000,0.013416407865,0.910666666667,0.009778803608,0.000000000000,0.000000000000
field_aware,M4,date_variation,P2,5,0.778000000000,0.017888543820,0.865533333333,0.009700658626,0.022000000000,0.017888543820
field_aware,M4,reference_variation,P3,5,0.780000000000,0.022360679775,0.877000000000,0.015076195364,0.000000000000,0.000000000000
field_aware,M4,entity_variation,P4,5,0.844000000000,0.013416407865,0.910666666667,0.009778803608,0.000000000000,0.000000000000
field_aware,M4,description_variation,P5,5,0.874000000000,0.018165902125,0.925166666667,0.011657734676,0.000000000000,0.000000000000
field_aware,M4,missing_information,P6,5,0.670000000000,0.037416573868,0.828266666667,0.019066987177,0.062000000000,0.013038404810
field_aware,M4,combined_variation,P7,5,0.750000000000,0.033166247904,0.852344444444,0.019988669630,0.014000000000,0.015165750888
field_aware,M4,ALL,ALL,5,0.798000000000,0.010101051925,0.885038888889,0.008611832967,0.012250000000,0.004626688881
field_aware_without_description,M4-D,natural_variation,P0,5,0.800000000000,0.020000000000,0.918400000000,0.010323651378,0.132000000000,0.008366600265
field_aware_without_description,M4-D,amount_variation,P1,5,0.800000000000,0.020000000000,0.917866666667,0.010917875251,0.130000000000,0.012247448714
field_aware_without_description,M4-D,date_variation,P2,5,0.750000000000,0.015811388301,0.860669841270,0.015955067293,0.092000000000,0.017888543820
field_aware_without_description,M4-D,reference_variation,P3,5,0.744000000000,0.035777087640,0.890400000000,0.018652375482,0.132000000000,0.008366600265
field_aware_without_description,M4-D,entity_variation,P4,5,0.800000000000,0.020000000000,0.918400000000,0.010323651378,0.132000000000,0.008366600265
field_aware_without_description,M4-D,description_variation,P5,5,0.800000000000,0.020000000000,0.918400000000,0.010323651378,0.132000000000,0.008366600265
field_aware_without_description,M4-D,missing_information,P6,5,0.586000000000,0.026076809621,0.830866666667,0.012280517542,0.268000000000,0.025884358211
field_aware_without_description,M4-D,combined_variation,P7,5,0.716000000000,0.023021728866,0.854752380952,0.011583738308,0.116000000000,0.028809720582
field_aware_without_description,M4-D,ALL,ALL,5,0.749500000000,0.015324612556,0.888719444444,0.010068697740,0.141750000000,0.010990052320
